                  epoch,         train/box_loss,         train/cls_loss,         train/dfl_loss,   metrics/precision(B),      metrics/recall(B),       metrics/mAP50(B),    metrics/mAP50-95(B),           val/box_loss,           val/cls_loss,           val/dfl_loss,                 lr/pg0,                 lr/pg1,                 lr/pg2
                      1,                 1.6369,                 2.2092,                 1.2518,                0.91436,                 0.8921,                0.94283,                0.70687,                 1.0142,                0.70456,                0.94295,              0.0032624,              0.0032624,              0.0032624
                      2,                 1.0502,                0.63761,                0.94728,                0.93452,                0.92236,                0.96482,                0.70117,                 1.1341,                0.61906,                0.95857,              0.0065702,              0.0065702,              0.0065702
                      3,                 1.0697,                0.60891,                  0.947,                0.79539,                0.86231,                 0.8513,                0.61892,                 1.1084,                 1.6991,                0.96777,              0.0098523,              0.0098523,              0.0098523
                      4,                 1.0329,                 0.5884,                0.94532,                0.96784,                0.96175,                0.98703,                0.73478,                  1.081,                0.65048,                0.95021,               0.009884,               0.009884,               0.009884
                      5,                0.97061,                0.53742,                 0.9287,                0.97082,                0.96394,                0.98573,                0.79579,                0.89726,                0.51862,                0.90112,              0.0098453,              0.0098453,              0.0098453
                      6,                0.92597,                0.50899,                0.92018,                 0.9766,                0.97832,                0.99077,                0.81821,                0.83237,                0.51161,                0.88335,              0.0098066,              0.0098066,              0.0098066
                      7,                0.90203,                0.49182,                0.91419,                0.97991,                0.97867,                0.99253,                0.76849,                0.96566,                0.47317,                0.90975,               0.009768,               0.009768,               0.009768
                      8,                0.87001,                0.46634,                0.90729,                0.96594,                0.97994,                0.99039,                0.81591,                0.84983,                0.42007,                0.88027,              0.0097293,              0.0097293,              0.0097293
                      9,                0.85982,                0.45535,                0.90395,                0.93923,                0.96427,                0.98546,                0.80202,                0.88145,                0.50859,                0.89219,              0.0096906,              0.0096906,              0.0096906
                     10,                0.84165,                0.45443,                0.89937,                0.98272,                0.98356,                  0.993,                0.85511,                0.73131,                0.37509,                0.86304,               0.009652,               0.009652,               0.009652
                     11,                0.82724,                0.43928,                0.89585,                0.98864,                0.98251,                0.99301,                0.83501,                0.82677,                0.39112,                0.87956,              0.0096133,              0.0096133,              0.0096133
                     12,                0.81784,                0.43549,                0.89499,                0.99064,                0.98736,                0.99425,                0.84868,                0.72266,                0.35771,                 0.8633,              0.0095746,              0.0095746,              0.0095746
                     13,                0.80483,                0.42697,                 0.8912,                0.98066,                0.98205,                0.99141,                0.83461,                0.75472,                0.36536,                0.86282,              0.0095359,              0.0095359,              0.0095359
                     14,                0.79637,                0.42051,                0.89142,                0.99126,                0.98692,                0.99406,                0.85087,                0.73288,                0.34099,                0.85808,              0.0094973,              0.0094973,              0.0094973
                     15,                0.78969,                0.41439,                0.88696,                0.94716,                 0.9673,                0.98149,                0.83487,                0.75194,                0.43506,                0.86648,              0.0094586,              0.0094586,              0.0094586
                     16,                0.77943,                0.41101,                0.88568,                0.98791,                0.98411,                0.99212,                0.80951,                0.86255,                0.38786,                0.87966,              0.0094199,              0.0094199,              0.0094199
                     17,                0.77121,                0.40538,                0.88543,                0.98638,                0.98711,                 0.9938,                0.86608,                0.67433,                0.33632,                0.84736,              0.0093813,              0.0093813,              0.0093813
                     18,                 0.7641,                0.39845,                 0.8839,                0.98586,                0.98798,                0.99452,                0.84085,                0.78079,                0.34775,                0.86856,              0.0093426,              0.0093426,              0.0093426
                     19,                0.75598,                 0.3982,                0.88184,                0.98709,                0.99227,                0.99388,                0.83848,                0.77744,                0.34394,                0.86519,              0.0093039,              0.0093039,              0.0093039
                     20,                0.75912,                0.39665,                0.87906,                0.99433,                  0.993,                0.99414,                0.88091,                0.65606,                0.31669,                 0.8439,              0.0092652,              0.0092652,              0.0092652
                     21,                0.74722,                0.39018,                0.87994,                0.98541,                0.98226,                0.99035,                0.85124,                 0.7473,                 0.3636,                0.85974,              0.0092266,              0.0092266,              0.0092266
                     22,                0.74683,                0.38949,                0.88017,                0.98934,                0.98877,                0.99265,                0.86185,                0.69626,                0.32135,                0.85195,              0.0091879,              0.0091879,              0.0091879
                     23,                0.74304,                0.38785,                0.87806,                0.98499,                0.98921,                0.99308,                0.85446,                0.76439,                0.34678,                0.85928,              0.0091492,              0.0091492,              0.0091492
                     24,                0.72907,                0.37909,                0.87604,                0.98947,                0.99109,                0.99157,                0.85848,                0.69458,                0.32034,                0.84747,              0.0091105,              0.0091105,              0.0091105
                     25,                0.73568,                0.38246,                 0.8762,                0.99258,                0.99497,                 0.9945,                0.88822,                0.61469,                0.29128,                0.83759,              0.0090719,              0.0090719,              0.0090719
                     26,                0.72515,                0.37378,                 0.8749,                0.99021,                0.98677,                0.99376,                0.86188,                0.73988,                0.32818,                0.85473,              0.0090332,              0.0090332,              0.0090332
                     27,                0.72011,                0.37243,                0.87409,                0.99588,                0.99589,                0.99445,                 0.8937,                0.61669,                0.28892,                0.83632,              0.0089945,              0.0089945,              0.0089945
                     28,                0.72106,                0.36763,                0.87377,                0.99262,                0.99269,                0.99415,                0.86353,                 0.7166,                0.30581,                0.85305,              0.0089559,              0.0089559,              0.0089559
                     29,                0.71509,                0.36618,                0.87367,                0.99418,                0.99547,                 0.9946,                0.87718,                0.67666,                0.29888,                0.84542,              0.0089172,              0.0089172,              0.0089172
                     30,                0.71293,                0.36391,                0.87205,                 0.9948,                0.99452,                0.99451,                0.87919,                0.68802,                0.30044,                0.84655,              0.0088785,              0.0088785,              0.0088785
                     31,                0.71296,                0.36672,                0.87138,                0.99353,                0.99513,                 0.9947,                0.87486,                 0.6697,                 0.3058,                0.84563,              0.0088398,              0.0088398,              0.0088398
                     32,                0.70346,                0.36305,                0.87236,                0.98005,                0.98082,                0.99367,                0.88122,                0.68051,                0.33335,                0.84613,              0.0088012,              0.0088012,              0.0088012
                     33,                0.70263,                0.36087,                0.86919,                0.99473,                0.99495,                0.99427,                0.88407,                0.66696,                0.29654,                0.84383,              0.0087625,              0.0087625,              0.0087625
                     34,                0.70152,                0.35977,                0.87042,                0.99661,                0.99673,                0.99465,                0.88506,                0.63787,                0.28034,                0.83867,              0.0087238,              0.0087238,              0.0087238
                     35,                0.69661,                0.35927,                0.87029,                0.99551,                0.99659,                0.99481,                0.89696,                0.60152,                 0.2692,                0.83379,              0.0086852,              0.0086852,              0.0086852
                     36,                0.69233,                0.35461,                0.86858,                 0.9976,                0.99741,                0.99488,                  0.888,                0.64071,                0.27927,                0.83881,              0.0086465,              0.0086465,              0.0086465
                     37,                0.68939,                0.35223,                 0.8691,                0.99598,                0.99486,                0.99463,                0.88694,                0.65084,                0.28252,                0.83708,              0.0086078,              0.0086078,              0.0086078
                     38,                0.68734,                0.35207,                0.86954,                0.99471,                0.99608,                 0.9948,                0.88341,                0.64114,                 0.2828,                0.83829,              0.0085691,              0.0085691,              0.0085691
                     39,                0.68881,                0.35182,                  0.868,                0.98684,                0.99474,                0.99247,                0.88302,                0.66863,                0.29117,                0.84335,              0.0085305,              0.0085305,              0.0085305
                     40,                0.68119,                0.34902,                0.86699,                0.99296,                0.99217,                0.99446,                0.87417,                0.68944,                0.30119,                0.84452,              0.0084918,              0.0084918,              0.0084918
                     41,                 0.6865,                0.34469,                0.86726,                0.99614,                0.99615,                0.99459,                0.89398,                0.60872,                0.27223,                0.83457,              0.0084531,              0.0084531,              0.0084531
                     42,                0.67903,                0.34384,                0.86526,                0.99604,                0.99506,                0.99461,                 0.8972,                 0.6136,                0.27632,                0.83282,              0.0084145,              0.0084145,              0.0084145
                     43,                0.67077,                0.34433,                0.86639,                0.99494,                0.99588,                0.99481,                0.88284,                0.65852,                0.27703,                 0.8439,              0.0083758,              0.0083758,              0.0083758
                     44,                0.67692,                0.34394,                0.86553,                0.99417,                0.99356,                0.99472,                0.88399,                0.65582,                0.29044,                0.84218,              0.0083371,              0.0083371,              0.0083371
                     45,                0.67175,                0.34173,                0.86822,                0.99567,                0.99575,                0.99479,                0.89886,                0.59703,                0.26942,                0.83018,              0.0082984,              0.0082984,              0.0082984
                     46,                0.67081,                0.34343,                0.86258,                0.99552,                0.99684,                0.99477,                0.89111,                0.63263,                0.27754,                0.83806,              0.0082598,              0.0082598,              0.0082598
                     47,                0.66831,                0.33606,                0.86464,                0.99504,                0.99329,                0.99476,                0.88604,                0.63061,                0.27807,                0.83903,              0.0082211,              0.0082211,              0.0082211
                     48,                0.66813,                0.33585,                0.86465,                0.99593,                0.99672,                0.99475,                0.88877,                0.62568,                0.26856,                0.83539,              0.0081824,              0.0081824,              0.0081824
                     49,                0.66422,                0.33638,                0.86341,                0.99467,                0.99536,                 0.9944,                0.89372,                0.60694,                 0.2645,                0.83386,              0.0081437,              0.0081437,              0.0081437
                     50,                0.66119,                0.33834,                0.86401,                0.99535,                0.99626,                0.99426,                0.89261,                0.62196,                0.26848,                0.83483,              0.0081051,              0.0081051,              0.0081051
                     51,                0.66095,                0.33286,                 0.8615,                0.99022,                 0.9937,                0.99384,                0.88016,                 0.6549,                0.28133,                0.83803,              0.0080664,              0.0080664,              0.0080664
                     52,                0.65556,                0.33092,                0.86307,                0.99495,                0.99633,                0.99468,                0.89509,                0.62259,                 0.2667,                0.83448,              0.0080277,              0.0080277,              0.0080277
                     53,                0.65456,                0.32979,                0.86118,                0.99644,                  0.997,                 0.9949,                0.90144,                0.59838,                0.25988,                 0.8292,              0.0079891,              0.0079891,              0.0079891
                     54,                 0.6558,                   0.33,                0.86339,                0.99795,                0.99721,                0.99489,                0.89678,                0.61159,                 0.2617,                0.83459,              0.0079504,              0.0079504,              0.0079504
                     55,                0.65916,                0.33289,                0.86253,                0.99664,                0.99638,                0.99488,                0.90253,                0.58575,                0.25793,                0.82866,              0.0079117,              0.0079117,              0.0079117
                     56,                0.65235,                0.32999,                0.86202,                 0.9967,                0.99755,                0.99484,                0.89677,                0.61349,                0.25818,                0.83249,               0.007873,               0.007873,               0.007873
                     57,                0.65247,                0.32791,                0.86203,                0.99704,                0.99668,                0.99487,                0.88999,                0.63958,                0.26336,                0.83659,              0.0078344,              0.0078344,              0.0078344
                     58,                0.64613,                0.32914,                0.85911,                0.99782,                0.99769,                0.99495,                0.90631,                0.58182,                0.25306,                0.82785,              0.0077957,              0.0077957,              0.0077957
                     59,                0.65093,                0.32663,                0.86288,                0.99486,                0.99804,                0.99404,                0.90874,                0.56954,                0.25116,                0.82622,               0.007757,               0.007757,               0.007757
                     60,                0.65016,                0.32622,                0.86115,                0.99691,                0.99524,                0.99493,                0.89542,                0.61736,                 0.2665,                0.83397,              0.0077184,              0.0077184,              0.0077184
                     61,                 0.6488,                0.32715,                0.85984,                0.99735,                0.99882,                0.99486,                0.90609,                0.57085,                0.24842,                0.82685,              0.0076797,              0.0076797,              0.0076797
                     62,                0.64404,                0.32408,                0.86044,                0.98934,                0.99311,                0.99392,                0.88832,                0.65516,                0.28291,                0.83937,               0.007641,               0.007641,               0.007641
                     63,                0.63964,                0.32159,                0.85992,                0.99774,                0.99698,                0.99494,                0.89466,                0.63557,                0.26173,                0.83562,              0.0076023,              0.0076023,              0.0076023
                     64,                0.64047,                0.32246,                0.85686,                0.99694,                  0.997,                0.99435,                 0.8961,                0.60654,                0.25782,                0.83045,              0.0075637,              0.0075637,              0.0075637
                     65,                0.63795,                0.31946,                0.85834,                0.99482,                0.99458,                0.99413,                0.89277,                0.63532,                0.27054,                0.83483,               0.007525,               0.007525,               0.007525
                     66,                0.64023,                 0.3207,                0.85839,                0.99726,                0.99725,                0.99459,                0.89601,                0.61144,                0.25861,                0.83271,              0.0074863,              0.0074863,              0.0074863
                     67,                0.63707,                0.32137,                0.86187,                0.99629,                0.99506,                0.99377,                0.89985,                0.58352,                0.25403,                0.82846,              0.0074477,              0.0074477,              0.0074477
                     68,                0.63226,                0.32062,                0.85762,                 0.9966,                0.99769,                0.99494,                0.90088,                0.60258,                0.24972,                0.82944,               0.007409,               0.007409,               0.007409
                     69,                0.63656,                 0.3183,                0.85908,                 0.9972,                0.99695,                0.99484,                0.89232,                0.62845,                0.25687,                0.83348,              0.0073703,              0.0073703,              0.0073703
                     70,                0.63048,                0.31511,                0.85801,                0.99587,                0.99655,                0.99496,                0.88874,                0.65243,                0.26273,                0.83915,              0.0073316,              0.0073316,              0.0073316
                     71,                0.63362,                0.31515,                0.85674,                0.99556,                0.99794,                0.99464,                0.89088,                0.64104,                0.26014,                0.83574,               0.007293,               0.007293,               0.007293
                     72,                 0.6319,                0.31578,                0.85744,                0.99705,                 0.9972,                0.99475,                0.90017,                0.58669,                0.24648,                0.82912,              0.0072543,              0.0072543,              0.0072543
                     73,                0.62805,                0.31401,                0.85752,                0.99773,                 0.9972,                0.99468,                0.89545,                0.61054,                0.25208,                0.82959,              0.0072156,              0.0072156,              0.0072156
                     74,                0.62769,                0.31573,                0.85758,                0.99617,                0.99661,                0.99491,                0.90423,                0.58095,                0.24795,                0.82748,               0.007177,               0.007177,               0.007177
                     75,                0.62628,                0.31326,                0.85645,                 0.9972,                0.99728,                0.99475,                0.90369,                0.60497,                 0.2493,                0.83148,              0.0071383,              0.0071383,              0.0071383
                     76,                0.62457,                0.31339,                0.85678,                0.99761,                 0.9969,                0.99495,                0.90373,                 0.6009,                0.24748,                0.83135,              0.0070996,              0.0070996,              0.0070996
                     77,                 0.6229,                0.31436,                0.85598,                0.99735,                0.99776,                0.99486,                0.90676,                0.57298,                0.24305,                0.82681,              0.0070609,              0.0070609,              0.0070609
                     78,                0.62292,                0.31123,                0.85558,                 0.9978,                0.99638,                0.99472,                0.90789,                0.58974,                0.24467,                0.82749,              0.0070223,              0.0070223,              0.0070223
                     79,                0.62406,                0.31148,                0.85696,                0.99745,                0.99698,                0.99468,                0.90434,                0.58624,                0.24265,                0.82665,              0.0069836,              0.0069836,              0.0069836
                     80,                0.62124,                0.31084,                0.85603,                0.99583,                0.99728,                0.99476,                 0.9048,                0.58357,                 0.2438,                0.82781,              0.0069449,              0.0069449,              0.0069449
                     81,                0.61927,                0.30705,                0.85505,                0.99744,                0.99792,                0.99496,                0.90578,                0.59418,                0.24266,                0.82786,              0.0069063,              0.0069063,              0.0069063
                     82,                0.61659,                0.30513,                0.85625,                0.99699,                  0.998,                0.99489,                0.91239,                0.56861,                0.23581,                0.82563,              0.0068676,              0.0068676,              0.0068676
                     83,                0.62186,                0.30773,                0.85573,                 0.9977,                0.99833,                0.99481,                0.90642,                0.58416,                0.23965,                0.82685,              0.0068289,              0.0068289,              0.0068289
                     84,                0.61291,                0.30406,                0.85551,                0.99877,                0.99832,                0.99489,                0.91192,                0.56133,                0.23594,                0.82334,              0.0067902,              0.0067902,              0.0067902
                     85,                0.61657,                0.30517,                 0.8539,                0.99768,                0.99885,                0.99487,                0.91092,                0.57492,                0.23606,                  0.825,              0.0067516,              0.0067516,              0.0067516
                     86,                 0.6103,                 0.3065,                0.85399,                0.99777,                0.99872,                0.99494,                0.91037,                0.57147,                0.23995,                0.82645,              0.0067129,              0.0067129,              0.0067129
                     87,                0.61612,                0.30892,                 0.8562,                0.99748,                0.99743,                0.99489,                0.91484,                0.54552,                0.23461,                0.82197,              0.0066742,              0.0066742,              0.0066742
                     88,                0.61205,                0.30478,                0.85485,                 0.9969,                0.99858,                0.99484,                0.90609,                0.58519,                0.23771,                0.82712,              0.0066355,              0.0066355,              0.0066355
                     89,                0.61412,                0.30535,                0.85541,                0.99717,                0.99801,                0.99488,                0.90818,                0.56744,                0.23436,                0.82486,              0.0065969,              0.0065969,              0.0065969
                     90,                0.61116,                0.30453,                0.85514,                0.99763,                0.99816,                0.99482,                0.90921,                0.57926,                0.23696,                0.82664,              0.0065582,              0.0065582,              0.0065582
                     91,                0.61017,                0.30164,                0.85263,                0.99818,                0.99797,                0.99492,                0.90949,                0.57973,                0.23523,                0.82658,              0.0065195,              0.0065195,              0.0065195
                     92,                0.60988,                0.30154,                0.85526,                0.99679,                0.99882,                0.99476,                0.91139,                0.56222,                0.23356,                 0.8246,              0.0064809,              0.0064809,              0.0064809
                     93,                0.60486,                0.30062,                0.85327,                0.99795,                0.99812,                0.99484,                0.90801,                0.57791,                0.23578,                 0.8265,              0.0064422,              0.0064422,              0.0064422
                     94,                0.60248,                0.29865,                0.85355,                 0.9974,                0.99858,                0.99483,                0.90678,                0.56919,                0.23301,                0.82511,              0.0064035,              0.0064035,              0.0064035
                     95,                0.60806,                 0.3021,                0.85355,                0.99783,                0.99785,                0.99491,                0.90813,                 0.5788,                 0.2373,                0.82588,              0.0063648,              0.0063648,              0.0063648
                     96,                0.60714,                0.30025,                0.85347,                0.99701,                0.99799,                0.99461,                0.91179,                0.56639,                 0.2351,                0.82422,              0.0063262,              0.0063262,              0.0063262
                     97,                0.60418,                0.29964,                0.85459,                0.99792,                0.99627,                0.99497,                 0.9027,                0.62449,                0.24391,                0.83209,              0.0062875,              0.0062875,              0.0062875
                     98,                0.60384,                0.29676,                 0.8538,                0.99715,                0.99729,                0.99446,                0.91151,                0.56274,                0.23086,                0.82336,              0.0062488,              0.0062488,              0.0062488
                     99,                0.60292,                0.29751,                0.85352,                0.99807,                0.99821,                0.99498,                0.91478,                0.55192,                 0.2294,                0.82259,              0.0062102,              0.0062102,              0.0062102
                    100,                0.59935,                0.29607,                0.85285,                0.99892,                0.99797,                0.99499,                 0.9056,                0.57568,                 0.2295,                 0.8256,              0.0061715,              0.0061715,              0.0061715
                    101,                0.60026,                0.29847,                0.85411,                0.99779,                0.99759,                0.99498,                0.90277,                0.59187,                0.23479,                0.82825,              0.0061328,              0.0061328,              0.0061328
                    102,                0.59625,                0.29573,                0.85211,                0.99822,                0.99735,                0.99497,                0.91296,                0.57081,                0.23172,                0.82481,              0.0060941,              0.0060941,              0.0060941
                    103,                0.59761,                0.29377,                 0.8532,                0.99668,                0.99854,                0.99462,                0.90612,                0.57639,                0.23232,                0.82594,              0.0060555,              0.0060555,              0.0060555
                    104,                0.59662,                0.29445,                0.85211,                0.99703,                0.99832,                0.99454,                0.91103,                 0.5632,                0.23008,                0.82316,              0.0060168,              0.0060168,              0.0060168
                    105,                0.59647,                0.29385,                0.85134,                0.99667,                0.99888,                0.99494,                0.91688,                0.55347,                0.22207,                0.82197,              0.0059781,              0.0059781,              0.0059781
                    106,                0.59516,                0.29309,                0.85192,                0.99843,                 0.9988,                0.99496,                0.91528,                 0.5567,                0.22698,                0.82237,              0.0059395,              0.0059395,              0.0059395
                    107,                0.59301,                0.29375,                0.85201,                0.99769,                0.99864,                0.99492,                  0.915,                0.55193,                0.22383,                0.82125,              0.0059008,              0.0059008,              0.0059008
                    108,                0.59311,                0.29334,                0.85187,                0.99675,                0.99731,                0.99479,                0.91215,                0.55562,                0.22626,                0.82229,              0.0058621,              0.0058621,              0.0058621
                    109,                0.59028,                0.29027,                0.85238,                0.99811,                0.99898,                0.99495,                0.90766,                0.58357,                 0.2283,                0.82504,              0.0058234,              0.0058234,              0.0058234
                    110,                 0.5905,                0.28941,                0.85257,                 0.9975,                0.99885,                0.99499,                0.91321,                0.55576,                0.22388,                0.82252,              0.0057848,              0.0057848,              0.0057848
                    111,                0.59516,                0.29173,                0.85386,                0.99762,                0.99794,                0.99491,                 0.9071,                0.59014,                0.22909,                0.82669,              0.0057461,              0.0057461,              0.0057461
                    112,                0.59199,                0.29123,                0.85073,                0.99715,                0.99847,                 0.9949,                0.91354,                0.55865,                0.22275,                0.82211,              0.0057074,              0.0057074,              0.0057074
                    113,                 0.5921,                0.29196,                 0.8518,                 0.9972,                0.99877,                0.99484,                0.91589,                0.54741,                0.22221,                0.82156,              0.0056688,              0.0056688,              0.0056688
                    114,                0.59116,                 0.2902,                0.85163,                0.99726,                0.99793,                0.99479,                0.90853,                0.58471,                0.22656,                0.82611,              0.0056301,              0.0056301,              0.0056301
                    115,                0.58662,                0.28981,                0.85012,                0.99814,                0.99925,                0.99499,                0.91318,                0.56449,                0.22306,                0.82289,              0.0055914,              0.0055914,              0.0055914
                    116,                0.58512,                0.28753,                  0.851,                0.99783,                0.99912,                0.99486,                0.92191,                0.52574,                 0.2174,                0.81841,              0.0055527,              0.0055527,              0.0055527
                    117,                0.58092,                0.28706,                0.85128,                0.99853,                0.99924,                0.99498,                0.91488,                0.55594,                0.21981,                0.82195,              0.0055141,              0.0055141,              0.0055141
                    118,                0.58345,                0.28725,                0.85081,                0.99872,                0.99803,                 0.9949,                0.91815,                0.55183,                0.22025,                0.82157,              0.0054754,              0.0054754,              0.0054754
                    119,                0.58507,                0.28688,                0.85147,                0.99833,                0.99818,                0.99486,                0.91042,                0.57269,                0.22484,                0.82394,              0.0054367,              0.0054367,              0.0054367
                    120,                0.58365,                0.28566,                0.85034,                0.99692,                0.99854,                0.99487,                0.90876,                0.58111,                0.22595,                0.82634,               0.005398,               0.005398,               0.005398
                    121,                0.58164,                0.28489,                0.85048,                0.99791,                0.99881,                0.99497,                0.91239,                0.55958,                0.22154,                0.82206,              0.0053594,              0.0053594,              0.0053594
                    122,                0.58174,                0.28699,                0.85159,                0.99846,                 0.9991,                0.99497,                0.91767,                0.54206,                0.21705,                0.82055,              0.0053207,              0.0053207,              0.0053207
                    123,                0.58574,                0.28765,                0.84906,                0.99738,                0.99806,                0.99471,                0.91492,                 0.5516,                0.21944,                0.82175,               0.005282,               0.005282,               0.005282
                    124,                 0.5811,                0.28363,                0.84727,                0.99818,                0.99901,                0.99499,                0.91573,                0.54708,                0.21574,                0.82157,              0.0052434,              0.0052434,              0.0052434
                    125,                0.58378,                0.28606,                0.85087,                0.99778,                0.99909,                0.99494,                0.91538,                0.55312,                0.21825,                0.82127,              0.0052047,              0.0052047,              0.0052047
                    126,                0.57738,                0.28369,                0.84817,                0.99817,                 0.9991,                0.99485,                0.91315,                0.56515,                0.22117,                0.82366,               0.005166,               0.005166,               0.005166
                    127,                0.57596,                0.28118,                0.84894,                0.99846,                0.99827,                0.99499,                 0.9104,                0.56909,                0.22231,                0.82313,              0.0051273,              0.0051273,              0.0051273
                    128,                0.57845,                0.28186,                0.85116,                0.99846,                0.99887,                0.99495,                0.91458,                0.55636,                0.21819,                0.82158,              0.0050887,              0.0050887,              0.0050887
                    129,                0.57615,                0.28202,                0.84927,                0.99823,                 0.9985,                0.99463,                0.91584,                0.54739,                  0.216,                0.82078,                0.00505,                0.00505,                0.00505
                    130,                0.57358,                0.28013,                0.84682,                0.99784,                0.99852,                0.99477,                0.91725,                0.54737,                0.21854,                0.82101,              0.0050113,              0.0050113,              0.0050113
                    131,                0.57479,                0.28233,                0.84916,                0.99696,                 0.9982,                0.99444,                0.91209,                0.56169,                0.22146,                0.82164,              0.0049727,              0.0049727,              0.0049727
                    132,                0.57653,                0.28149,                 0.8484,                0.99802,                0.99765,                0.99471,                 0.9241,                0.52344,                0.21303,                0.81776,               0.004934,               0.004934,               0.004934
                    133,                0.57457,                0.27956,                0.84838,                0.99872,                0.99837,                0.99497,                0.91422,                 0.5572,                0.21663,                0.82154,              0.0048953,              0.0048953,              0.0048953
                    134,                0.57145,                0.27773,                0.84668,                0.99826,                0.99804,                0.99481,                 0.9175,                0.54144,                0.21438,                0.81936,              0.0048566,              0.0048566,              0.0048566
                    135,                0.56732,                0.27902,                0.84795,                0.99705,                 0.9986,                0.99486,                 0.9222,                0.52064,                0.21165,                0.81774,               0.004818,               0.004818,               0.004818
                    136,                0.57048,                0.27779,                0.84804,                0.99847,                 0.9982,                0.99442,                0.92178,                 0.5266,                0.20956,                0.81764,              0.0047793,              0.0047793,              0.0047793
                    137,                0.56886,                0.27542,                0.84676,                0.99899,                0.99856,                0.99491,                0.92206,                0.52883,                0.21018,                0.81787,              0.0047406,              0.0047406,              0.0047406
                    138,                0.56666,                0.27613,                0.84795,                0.99927,                0.99892,                0.99498,                0.92085,                0.53761,                0.21107,                0.81837,               0.004702,               0.004702,               0.004702
                    139,                0.56777,                0.27681,                 0.8473,                0.99915,                 0.9991,                0.99493,                  0.916,                0.55296,                0.21412,                0.82112,              0.0046633,              0.0046633,              0.0046633
                    140,                0.56466,                0.27463,                0.84888,                0.99874,                0.99885,                0.99497,                0.91634,                0.55146,                0.21295,                0.82047,              0.0046246,              0.0046246,              0.0046246
                    141,                0.56289,                0.27418,                0.84829,                0.99908,                0.99898,                 0.9949,                 0.9203,                0.54065,                0.21081,                0.81935,              0.0045859,              0.0045859,              0.0045859
                    142,                0.56549,                0.27425,                0.84857,                0.99787,                0.99892,                0.99474,                0.91927,                0.54611,                0.21222,                0.81992,              0.0045473,              0.0045473,              0.0045473
                    143,                0.56431,                0.27262,                0.84644,                 0.9991,                0.99851,                0.99496,                0.92096,                0.53066,                 0.2084,                 0.8179,              0.0045086,              0.0045086,              0.0045086
                    144,                0.56209,                0.27497,                0.84671,                 0.9977,                0.99879,                0.99481,                0.92007,                0.53702,                0.20986,                0.81864,              0.0044699,              0.0044699,              0.0044699
                    145,                0.56155,                0.27449,                0.84643,                0.99853,                0.99804,                0.99489,                0.91509,                0.54976,                0.21309,                0.82114,              0.0044313,              0.0044313,              0.0044313
                    146,                 0.5615,                0.27378,                0.84625,                 0.9983,                0.99926,                0.99495,                0.92165,                0.52518,                0.20624,                0.81761,              0.0043926,              0.0043926,              0.0043926
                    147,                0.55983,                0.27341,                0.84925,                0.99893,                0.99873,                0.99491,                0.91356,                0.55889,                0.21227,                0.82164,              0.0043539,              0.0043539,              0.0043539
                    148,                0.55938,                0.27107,                0.84665,                0.99906,                 0.9988,                0.99488,                0.91681,                0.55361,                0.21118,                0.82022,              0.0043152,              0.0043152,              0.0043152
                    149,                0.55597,                0.27045,                0.84617,                0.99878,                0.99899,                0.99496,                0.91485,                 0.5557,                 0.2124,                0.82065,              0.0042766,              0.0042766,              0.0042766
                    150,                 0.5571,                0.26937,                0.84456,                0.99916,                0.99907,                0.99496,                0.91966,                0.53842,                0.20831,                0.81859,              0.0042379,              0.0042379,              0.0042379
                    151,                0.55154,                0.26845,                 0.8459,                0.99849,                0.99918,                0.99494,                0.92058,                0.53885,                0.20785,                0.81907,              0.0041992,              0.0041992,              0.0041992
                    152,                0.55268,                0.26836,                0.84703,                0.99878,                0.99868,                0.99488,                0.91843,                0.54592,                0.20959,                0.81975,              0.0041605,              0.0041605,              0.0041605
                    153,                0.54999,                0.26766,                0.84527,                0.99856,                0.99896,                0.99481,                0.92159,                0.52988,                0.20754,                0.81758,              0.0041219,              0.0041219,              0.0041219
                    154,                0.55253,                 0.2676,                0.84562,                0.99912,                0.99855,                0.99494,                0.91988,                0.53907,                0.20638,                0.81881,              0.0040832,              0.0040832,              0.0040832
                    155,                0.54828,                0.26735,                0.84435,                0.99903,                0.99878,                0.99489,                0.91886,                0.54182,                0.20577,                0.81914,              0.0040445,              0.0040445,              0.0040445
                    156,                0.55134,                0.26652,                0.84473,                0.99893,                 0.9988,                0.99497,                0.91744,                0.54267,                 0.2069,                0.81916,              0.0040059,              0.0040059,              0.0040059
                    157,                 0.5486,                 0.2651,                0.84551,                0.99897,                0.99868,                0.99483,                0.91923,                0.53782,                 0.2062,                0.81851,              0.0039672,              0.0039672,              0.0039672
                    158,                0.54959,                0.26634,                0.84631,                0.99898,                 0.9986,                0.99489,                0.91704,                0.55169,                0.20953,                 0.8202,              0.0039285,              0.0039285,              0.0039285
                    159,                0.54638,                0.26426,                0.84507,                0.99925,                0.99847,                0.99492,                0.92118,                0.53443,                0.20466,                0.81824,              0.0038898,              0.0038898,              0.0038898
                    160,                0.54556,                0.26472,                0.84344,                0.99917,                0.99954,                0.99499,                0.92136,                0.53995,                0.20522,                0.81861,              0.0038512,              0.0038512,              0.0038512
                    161,                0.54824,                0.26486,                0.84544,                0.99835,                0.99856,                0.99489,                0.92075,                0.53544,                0.20575,                0.81797,              0.0038125,              0.0038125,              0.0038125
                    162,                0.54708,                0.26526,                0.84541,                0.99803,                0.99871,                0.99479,                0.92079,                0.53262,                0.20442,                0.81773,              0.0037738,              0.0037738,              0.0037738
                    163,                0.54607,                0.26371,                0.84478,                0.99828,                  0.999,                0.99479,                 0.9206,                0.53593,                 0.2058,                0.81857,              0.0037352,              0.0037352,              0.0037352
                    164,                0.54722,                0.26372,                0.84363,                 0.9989,                0.99852,                0.99489,                 0.9206,                0.53917,                0.20576,                0.81875,              0.0036965,              0.0036965,              0.0036965
                    165,                0.54376,                0.26223,                0.84467,                0.99851,                0.99859,                0.99495,                0.91896,                0.54362,                0.20637,                0.81933,              0.0036578,              0.0036578,              0.0036578
                    166,                0.54404,                0.26227,                0.84376,                0.99863,                0.99907,                0.99497,                 0.9204,                0.53711,                0.20353,                0.81859,              0.0036191,              0.0036191,              0.0036191
                    167,                0.54451,                0.26125,                0.84427,                0.99842,                0.99895,                  0.995,                0.92173,                0.53051,                0.20217,                0.81756,              0.0035805,              0.0035805,              0.0035805
                    168,                0.53748,                 0.2589,                0.84389,                0.99882,                0.99822,                  0.995,                0.92016,                0.53521,                 0.2031,                0.81819,              0.0035418,              0.0035418,              0.0035418
                    169,                0.53841,                0.25978,                 0.8427,                0.99908,                0.99875,                0.99496,                0.92051,                0.53977,                0.20392,                0.81869,              0.0035031,              0.0035031,              0.0035031
                    170,                 0.5382,                0.25905,                0.84293,                0.99861,                0.99842,                0.99492,                0.91933,                0.53401,                0.20231,                 0.8178,              0.0034645,              0.0034645,              0.0034645
                    171,                0.53693,                0.25963,                0.84388,                0.99863,                0.99812,                0.99494,                0.91855,                0.54813,                0.20561,                0.81957,              0.0034258,              0.0034258,              0.0034258
                    172,                0.53446,                0.25729,                0.84318,                0.99857,                0.99903,                0.99489,                0.91622,                0.55515,                0.20657,                0.82073,              0.0033871,              0.0033871,              0.0033871
                    173,                0.53382,                0.25637,                0.84454,                 0.9991,                0.99894,                0.99489,                0.91899,                0.54133,                0.20409,                0.81907,              0.0033484,              0.0033484,              0.0033484
                    174,                0.53309,                0.25838,                0.84301,                0.99902,                 0.9986,                0.99489,                0.92136,                0.53162,                0.20192,                0.81787,              0.0033098,              0.0033098,              0.0033098
                    175,                 0.5363,                0.25684,                0.84196,                0.99876,                 0.9988,                0.99496,                0.92203,                0.52562,                 0.2008,                0.81717,              0.0032711,              0.0032711,              0.0032711
                    176,                0.53439,                0.25691,                0.84302,                0.99837,                0.99885,                0.99488,                0.92156,                0.52576,                0.20048,                0.81719,              0.0032324,              0.0032324,              0.0032324
                    177,                0.52926,                0.25455,                 0.8418,                0.99886,                0.99902,                0.99486,                0.91976,                0.53326,                0.20176,                0.81808,              0.0031938,              0.0031938,              0.0031938
                    178,                0.52895,                 0.2531,                0.84166,                0.99905,                0.99856,                 0.9948,                0.92067,                0.52546,                0.20037,                0.81693,              0.0031551,              0.0031551,              0.0031551
                    179,                0.53176,                0.25542,                0.84208,                0.99846,                0.99836,                0.99481,                0.92222,                0.52689,                0.20095,                0.81693,              0.0031164,              0.0031164,              0.0031164
                    180,                0.52662,                0.25347,                0.84208,                0.99895,                0.99898,                0.99495,                0.92127,                0.53479,                0.19986,                0.81801,              0.0030777,              0.0030777,              0.0030777
                    181,                0.52657,                0.25165,                0.84276,                0.99866,                0.99818,                 0.9949,                 0.9216,                 0.5302,                0.20041,                0.81727,              0.0030391,              0.0030391,              0.0030391
                    182,                0.52266,                0.25046,                0.84087,                 0.9985,                0.99833,                0.99493,                0.92236,                0.53183,                0.20046,                0.81748,              0.0030004,              0.0030004,              0.0030004
                    183,                0.52268,                0.25008,                0.84328,                0.99851,                0.99827,                0.99493,                0.92239,                0.52628,                0.19907,                0.81686,              0.0029617,              0.0029617,              0.0029617
                    184,                0.52466,                 0.2493,                0.84174,                0.99787,                0.99865,                0.99492,                0.92077,                0.52959,                0.20012,                0.81738,               0.002923,               0.002923,               0.002923
                    185,                0.52202,                0.25004,                0.84175,                0.99885,                0.99855,                0.99495,                0.91823,                0.53834,                0.20063,                0.81843,              0.0028844,              0.0028844,              0.0028844
                    186,                0.51834,                0.24781,                0.84208,                0.99903,                0.99834,                0.99499,                0.91662,                0.54418,                0.20098,                0.81903,              0.0028457,              0.0028457,              0.0028457
                    187,                0.52149,                0.24963,                0.84198,                0.99837,                0.99876,                0.99492,                 0.9179,                0.54006,                 0.2004,                0.81821,               0.002807,               0.002807,               0.002807
                    188,                0.52056,                0.24845,                0.84227,                0.99863,                0.99846,                0.99495,                0.91801,                0.53765,                0.19966,                0.81825,              0.0027684,              0.0027684,              0.0027684
                    189,                 0.5168,                0.24624,                0.84019,                0.99869,                0.99873,                0.99496,                0.91861,                0.53909,                0.19957,                0.81857,              0.0027297,              0.0027297,              0.0027297
                    190,                0.51621,                0.24651,                 0.8414,                0.99877,                0.99876,                0.99495,                0.92095,                0.53211,                0.19834,                0.81757,               0.002691,               0.002691,               0.002691
                    191,                0.51238,                0.24321,                0.83879,                0.99898,                0.99852,                0.99494,                0.92074,                0.53255,                0.19856,                0.81754,              0.0026523,              0.0026523,              0.0026523
                    192,                 0.5161,                0.24554,                 0.8407,                0.99855,                0.99905,                0.99495,                0.92037,                0.53467,                0.19825,                0.81776,              0.0026137,              0.0026137,              0.0026137
                    193,                0.51628,                 0.2459,                0.84072,                0.99912,                0.99914,                0.99495,                0.92101,                0.53178,                0.19686,                0.81747,               0.002575,               0.002575,               0.002575
                    194,                0.51008,                0.24298,                0.84077,                0.99826,                0.99949,                0.99495,                 0.9211,                0.53047,                0.19712,                0.81711,              0.0025363,              0.0025363,              0.0025363
                    195,                0.51058,                0.24282,                0.84015,                0.99907,                0.99846,                 0.9949,                0.92112,                0.53297,                0.19868,                0.81724,              0.0024977,              0.0024977,              0.0024977
                    196,                0.50998,                 0.2418,                 0.8406,                0.99897,                 0.9988,                 0.9949,                0.92296,                0.52662,                0.19639,                0.81645,               0.002459,               0.002459,               0.002459
                    197,                0.50593,                0.24052,                 0.8396,                0.99909,                0.99874,                 0.9949,                0.92036,                 0.5338,                0.19764,                0.81754,              0.0024203,              0.0024203,              0.0024203
                    198,                0.50733,                0.24162,                0.83935,                0.99891,                0.99883,                 0.9949,                0.92149,                 0.5322,                0.19716,                0.81732,              0.0023816,              0.0023816,              0.0023816
                    199,                 0.5039,                0.23788,                0.83933,                0.99871,                0.99908,                0.99493,                0.92239,                0.52992,                0.19568,                0.81698,               0.002343,               0.002343,               0.002343
                    200,                0.50496,                0.23945,                0.84019,                0.99869,                0.99878,                0.99495,                0.91967,                0.53221,                0.19671,                0.81729,              0.0023043,              0.0023043,              0.0023043
                    201,                0.50226,                0.23662,                0.83848,                0.99861,                0.99887,                0.99496,                0.92043,                0.52997,                 0.1962,                0.81687,              0.0022656,              0.0022656,              0.0022656
                    202,                0.50303,                0.23774,                0.83885,                0.99849,                0.99874,                0.99497,                0.92132,                0.52596,                0.19559,                0.81629,               0.002227,               0.002227,               0.002227
                    203,                  0.504,                0.23744,                0.83869,                0.99828,                0.99945,                0.99497,                 0.9218,                0.52808,                0.19565,                 0.8165,              0.0021883,              0.0021883,              0.0021883
                    204,                0.49637,                0.23516,                0.83807,                0.99854,                0.99874,                0.99498,                 0.9233,                0.52048,                0.19393,                 0.8159,              0.0021496,              0.0021496,              0.0021496
                    205,                0.50031,                0.23511,                0.83858,                0.99838,                0.99831,                0.99493,                0.92166,                0.52595,                0.19547,                0.81667,              0.0021109,              0.0021109,              0.0021109
                    206,                0.49893,                0.23564,                0.83861,                0.99843,                0.99844,                0.99484,                0.92111,                0.52799,                0.19648,                0.81677,              0.0020723,              0.0020723,              0.0020723
                    207,                0.49682,                0.23485,                0.83775,                0.99827,                0.99853,                0.99481,                0.92148,                0.52552,                0.19576,                0.81647,              0.0020336,              0.0020336,              0.0020336
                    208,                0.49233,                0.23304,                0.83716,                0.99848,                0.99834,                0.99478,                0.92285,                0.52399,                 0.1955,                 0.8163,              0.0019949,              0.0019949,              0.0019949
                    209,                0.49573,                0.23274,                0.83739,                0.99854,                0.99866,                0.99485,                0.92275,                0.52812,                0.19549,                0.81685,              0.0019563,              0.0019563,              0.0019563
                    210,                 0.4904,                 0.2305,                0.83826,                 0.9986,                0.99856,                0.99487,                0.92091,                0.53157,                0.19593,                0.81732,              0.0019176,              0.0019176,              0.0019176
                    211,                0.49206,                0.23143,                0.83775,                0.99868,                 0.9986,                0.99484,                0.92157,                0.52786,                0.19516,                0.81681,              0.0018789,              0.0018789,              0.0018789
                    212,                0.48977,                0.22961,                0.83692,                0.99869,                0.99851,                0.99477,                0.92111,                0.52826,                0.19545,                0.81686,              0.0018402,              0.0018402,              0.0018402
                    213,                0.48827,                0.22919,                0.83826,                0.99862,                0.99865,                0.99481,                0.92122,                0.52631,                0.19465,                0.81665,              0.0018016,              0.0018016,              0.0018016
                    214,                0.48842,                0.22861,                0.83738,                0.99835,                 0.9989,                0.99483,                0.92097,                0.52862,                 0.1949,                0.81693,              0.0017629,              0.0017629,              0.0017629
                    215,                0.48616,                0.22846,                0.83622,                0.99863,                 0.9986,                0.99478,                0.92112,                 0.5286,                0.19479,                0.81675,              0.0017242,              0.0017242,              0.0017242
                    216,                0.48473,                0.22618,                0.83714,                0.99841,                0.99874,                0.99476,                0.92154,                0.52568,                0.19395,                0.81649,              0.0016855,              0.0016855,              0.0016855
                    217,                0.47837,                0.22404,                0.83747,                0.99859,                0.99877,                0.99466,                 0.9215,                 0.5292,                0.19467,                0.81691,              0.0016469,              0.0016469,              0.0016469
                    218,                 0.4816,                 0.2256,                0.83751,                0.99863,                0.99875,                0.99475,                0.92252,                0.52627,                0.19383,                0.81653,              0.0016082,              0.0016082,              0.0016082
                    219,                0.47948,                0.22468,                0.83687,                0.99862,                0.99877,                0.99482,                0.92363,                 0.5239,                0.19299,                0.81617,              0.0015695,              0.0015695,              0.0015695
                    220,                0.47954,                0.22343,                0.83716,                 0.9987,                0.99884,                0.99485,                0.92449,                0.52239,                0.19263,                0.81585,              0.0015309,              0.0015309,              0.0015309
                    221,                 0.4748,                0.22278,                0.83519,                0.99869,                0.99884,                0.99485,                0.92367,                0.52329,                0.19285,                0.81591,              0.0014922,              0.0014922,              0.0014922
                    222,                0.47657,                0.22235,                0.83614,                0.99856,                0.99883,                0.99491,                0.92237,                0.52682,                0.19331,                0.81633,              0.0014535,              0.0014535,              0.0014535
                    223,                 0.4706,                0.21923,                0.83562,                0.99853,                0.99903,                0.99491,                0.92227,                0.52728,                0.19332,                0.81654,              0.0014148,              0.0014148,              0.0014148
                    224,                0.47154,                0.21943,                0.83611,                0.99859,                0.99881,                0.99489,                0.92267,                 0.5252,                0.19282,                0.81634,              0.0013762,              0.0013762,              0.0013762
                    225,                0.47166,                0.22077,                0.83473,                0.99905,                0.99876,                0.99492,                0.92252,                0.52566,                0.19278,                0.81641,              0.0013375,              0.0013375,              0.0013375
                    226,                0.46848,                0.21928,                0.83489,                0.99926,                0.99878,                 0.9949,                0.92224,                0.52657,                0.19287,                0.81661,              0.0012988,              0.0012988,              0.0012988
                    227,                0.47106,                0.21954,                0.83432,                0.99937,                0.99882,                 0.9949,                0.92248,                0.52665,                0.19284,                0.81666,              0.0012602,              0.0012602,              0.0012602
                    228,                0.46577,                0.21759,                0.83493,                0.99932,                0.99886,                 0.9949,                0.92157,                0.52806,                0.19325,                0.81688,              0.0012215,              0.0012215,              0.0012215
                    229,                0.46531,                 0.2163,                0.83347,                0.99931,                0.99877,                0.99488,                0.92236,                0.52856,                0.19308,                0.81694,              0.0011828,              0.0011828,              0.0011828
                    230,                0.46281,                0.21625,                0.83336,                0.99927,                0.99891,                0.99488,                0.92247,                0.52879,                0.19307,                  0.817,              0.0011441,              0.0011441,              0.0011441
                    231,                 0.4624,                0.21473,                0.83471,                 0.9991,                0.99889,                0.99487,                0.92252,                0.53111,                 0.1937,                0.81723,              0.0011055,              0.0011055,              0.0011055
                    232,                0.46016,                0.21348,                0.83529,                0.99914,                0.99899,                0.99487,                0.92234,                0.53159,                0.19376,                0.81732,              0.0010668,              0.0010668,              0.0010668
                    233,                0.46136,                0.21444,                0.83523,                0.99925,                0.99897,                0.99488,                0.92219,                 0.5313,                0.19341,                0.81722,              0.0010281,              0.0010281,              0.0010281
                    234,                0.45846,                0.21274,                 0.8342,                0.99928,                0.99884,                0.99487,                0.92307,                0.52995,                0.19284,                0.81717,             0.00098945,             0.00098945,             0.00098945
                    235,                0.45716,                0.21247,                0.83279,                0.99931,                0.99899,                0.99488,                0.92311,                0.52909,                0.19266,                0.81709,             0.00095078,             0.00095078,             0.00095078
                    236,                0.45487,                0.21157,                0.83402,                0.99937,                0.99898,                0.99489,                0.92236,                0.53136,                0.19304,                0.81739,             0.00091211,             0.00091211,             0.00091211
                    237,                0.45251,                0.20953,                0.83297,                 0.9994,                0.99883,                0.99485,                0.92294,                0.52961,                0.19306,                0.81721,             0.00087344,             0.00087344,             0.00087344
                    238,                0.44981,                 0.2083,                0.83342,                0.99931,                0.99888,                0.99483,                0.92262,                0.52865,                0.19296,                0.81714,             0.00083477,             0.00083477,             0.00083477
                    239,                0.44761,                0.20717,                0.83233,                0.99921,                0.99883,                0.99481,                0.92156,                0.52891,                0.19293,                 0.8172,             0.00079609,             0.00079609,             0.00079609
                    240,                0.44793,                0.20676,                0.83242,                0.99952,                0.99845,                0.99481,                0.92086,                0.53134,                 0.1932,                0.81756,             0.00075742,             0.00075742,             0.00075742
                    241,                0.44466,                0.20595,                0.83403,                0.99948,                0.99836,                0.99482,                0.92016,                0.53277,                0.19354,                0.81779,             0.00071875,             0.00071875,             0.00071875
                    242,                 0.4462,                0.20538,                0.83302,                0.99949,                0.99836,                0.99482,                0.91984,                0.53442,                0.19396,                0.81797,             0.00068008,             0.00068008,             0.00068008
                    243,                0.44515,                0.20557,                0.83218,                0.99944,                0.99851,                0.99483,                0.92001,                 0.5362,                 0.1942,                0.81826,             0.00064141,             0.00064141,             0.00064141
                    244,                0.44019,                0.20324,                0.83263,                0.99945,                0.99847,                0.99484,                0.92007,                0.53415,                0.19391,                0.81806,             0.00060273,             0.00060273,             0.00060273
                    245,                0.43941,                0.20292,                0.83272,                0.99936,                0.99848,                0.99485,                0.92021,                0.53387,                0.19402,                0.81809,             0.00056406,             0.00056406,             0.00056406
                    246,                0.43885,                0.20187,                0.83176,                0.99929,                0.99846,                0.99486,                0.92044,                0.53384,                0.19384,                0.81812,             0.00052539,             0.00052539,             0.00052539
                    247,                0.41868,                0.18223,                0.80095,                0.99935,                 0.9984,                0.99485,                0.92033,                0.53317,                0.19403,                0.81803,             0.00048672,             0.00048672,             0.00048672
                    248,                0.40539,                0.17598,                0.79847,                0.99943,                0.99844,                0.99485,                0.92028,                0.53205,                0.19382,                0.81791,             0.00044805,             0.00044805,             0.00044805
                    249,                0.39952,                0.17353,                0.79801,                0.99935,                 0.9984,                0.99484,                0.91999,                0.53314,                 0.1942,                0.81813,             0.00040938,             0.00040938,             0.00040938
                    250,                0.39891,                  0.173,                0.79831,                0.99936,                0.99841,                0.99485,                0.91994,                0.53324,                0.19427,                0.81816,              0.0003707,              0.0003707,              0.0003707
                    251,                0.39516,                0.17172,                0.79786,                 0.9993,                0.99833,                0.99485,                0.91923,                0.53537,                0.19448,                0.81843,             0.00033203,             0.00033203,             0.00033203
                    252,                0.39166,                0.17126,                0.79654,                0.99929,                0.99833,                0.99486,                0.91948,                0.53564,                0.19431,                0.81847,             0.00029336,             0.00029336,             0.00029336
                    253,                0.38949,                0.16972,                0.79549,                0.99928,                0.99841,                0.99485,                0.91898,                0.53566,                 0.1944,                0.81849,             0.00025469,             0.00025469,             0.00025469
                    254,                0.38723,                0.16747,                0.79732,                0.99928,                0.99841,                0.99486,                0.91889,                 0.5377,                0.19476,                0.81883,             0.00021602,             0.00021602,             0.00021602
                    255,                0.38383,                0.16636,                0.79378,                0.99928,                0.99842,                0.99485,                0.91853,                 0.5377,                0.19479,                0.81883,             0.00017734,             0.00017734,             0.00017734
                    256,                0.38171,                0.16613,                0.79354,                0.99929,                0.99841,                0.99485,                0.91865,                0.53841,                0.19496,                0.81897,             0.00013867,             0.00013867,             0.00013867
